{
  "plumbers": [
    {
      "id": 1,
      "name": "Maude"
    },
    {
      "id": 2,
      "name": "Merle"
    }
  ],
  "completions": [
    {
      "requestId": "1",
      "plumberId": "2",
      "date_created": "1679943402855",
      "id": 1
    },
    {
      "requestId": "2",
      "plumberId": "1",
      "date_created": "1679943490259",
      "id": 2
    }
  ],
  "requests": [
    {
      "description": "test",
      "address": "123",
      "budget": "123",
      "neededBy": "2023-03-30",
      "completed": true,
      "id": 1
    },
    {
      "description": "another one",
      "address": "123",
      "budget": "123",
      "neededBy": "2023-03-29",
      "completed": true,
      "id": 2
    }
  ]
}